{
    "foreground_intensity_properties_per_channel": {
        "0": {
            "max": 255.0,
            "mean": 131.54808044433594,
            "median": 124.0,
            "min": 0.0,
            "percentile_00_5": 21.0,
            "percentile_99_5": 253.0,
            "std": 56.22328186035156
        }
    },
    "median_relative_size_after_cropping": 1.0,
    "shapes_after_crop": [
        [
            1,
            1080,
            1920
        ],
        [
            1,
            1080,
            1920
        ],
        [
            1,
            1080,
            1920
        ],
        [
            1,
            1080,
            1920
        ],
        [
            1,
            1080,
            1920
        ],
        [
            1,
            1080,
            1920
        ],
        [
            1,
            1080,
            1920
        ],
        [
            1,
            1080,
            1920
        ],
        [
            1,
            1080,
            1920
        ],
        [
            1,
            1080,
            1920
        ],
        [
            1,
            1080,
            1920
        ],
        [
            1,
            1080,
            1920
        ],
        [
            1,
            1080,
            1920
        ],
        [
            1,
            1080,
            1920
        ],
        [
            1,
            1080,
            1917
        ],
        [
            1,
            1080,
            1920
        ],
        [
            1,
            1080,
            1920
        ],
        [
            1,
            1080,
            1918
        ]
    ],
    "spacings": [
        [
            999,
            1,
            1
        ],
        [
            999,
            1,
            1
        ],
        [
            999,
            1,
            1
        ],
        [
            999,
            1,
            1
        ],
        [
            999,
            1,
            1
        ],
        [
            999,
            1,
            1
        ],
        [
            999,
            1,
            1
        ],
        [
            999,
            1,
            1
        ],
        [
            999,
            1,
            1
        ],
        [
            999,
            1,
            1
        ],
        [
            999,
            1,
            1
        ],
        [
            999,
            1,
            1
        ],
        [
            999,
            1,
            1
        ],
        [
            999,
            1,
            1
        ],
        [
            999,
            1,
            1
        ],
        [
            999,
            1,
            1
        ],
        [
            999,
            1,
            1
        ],
        [
            999,
            1,
            1
        ]
    ]
}